{
  "manifest": {
    "apis": {
      "custom": {
        "endpoint": {
          "uri": "URI NEEDED"
        },
        "interfaces": [],
        "regions": {
          "NA": {
            "endpoint": {
              "uri": "URI NEEDED"
            }
          },
          "EU": {
            "endpoint": {
              "uri": "URI NEEDED"
            }
          },
          "FE": {
            "endpoint": {
              "uri": "URI NEEDED"
            }
          }
        }
      },
      "smartHome": {
        "endpoint": {
          "uri": "THIS SKILL NEEDS TO ANOTHER AWS LAMBDA ENDPOINT"
        },
        "protocolVersion": "3"
      }
    },
    "manifestVersion": "1.0",
    "privacyAndCompliance": {
      "locales": {
        "en-US": {}
      },
      "shoppingKit": {
        "isShoppingActionsEnabled": false
      }
    },
    "publishingInformation": {
      "automaticDistribution": {
        "isActive": false
      },
      "distributionCountries": [],
      "isAvailableWorldwide": true,
      "locales": {
        "en-US": {
          "description": "Sample Full Description",
          "examplePhrases": [
            "Alexa open hello world",
            "hello",
            "help"
          ],
          "keywords": [],
          "name": "Center 2 Copy 1",
          "summary": "Sample Short Description",
          "updatesDescription": ""
        }
      },
      "testingInstructions": "Sample Testing Instructions."
    }
  }
}
